-- phpMyAdmin SQL Dump
-- version 4.0.10deb1
-- http://www.phpmyadmin.net
--
-- Хост: localhost
-- Время создания: Май 18 2015 г., 15:01
-- Версия сервера: 5.5.43-0ubuntu0.14.04.1
-- Версия PHP: 5.5.9-1ubuntu4.9

SET FOREIGN_KEY_CHECKS=0;
SET SQL_MODE = "NO_AUTO_VALUE_ON_ZERO";
SET AUTOCOMMIT = 0;
START TRANSACTION;
SET time_zone = "+00:00";


/*!40101 SET @OLD_CHARACTER_SET_CLIENT=@@CHARACTER_SET_CLIENT */;
/*!40101 SET @OLD_CHARACTER_SET_RESULTS=@@CHARACTER_SET_RESULTS */;
/*!40101 SET @OLD_COLLATION_CONNECTION=@@COLLATION_CONNECTION */;
/*!40101 SET NAMES utf8 */;

--
-- База данных: `db_gamma`
--

-- --------------------------------------------------------

--
-- Структура таблицы `orders`
--

CREATE TABLE IF NOT EXISTS `orders` (
  `o_id` int(11) NOT NULL AUTO_INCREMENT COMMENT 'order id',
  `o_productid` int(11) NOT NULL COMMENT 'product id',
  `o_creationdate` timestamp NOT NULL DEFAULT CURRENT_TIMESTAMP COMMENT 'order creation date',
  PRIMARY KEY (`o_id`,`o_productid`),
  KEY `o_productid` (`o_productid`)
) ENGINE=MyISAM  DEFAULT CHARSET=utf8 AUTO_INCREMENT=23005 ;

--
-- Дамп данных таблицы `orders`
--

INSERT INTO `orders` (`o_id`, `o_productid`, `o_creationdate`) VALUES
(22724, 14, '2014-11-11 10:22:11'),
(22726, 92, '2014-11-11 10:25:41'),
(22729, 92, '2014-11-11 10:52:10'),
(22823, 22, '2014-11-15 16:44:07'),
(22979, 46, '2014-11-22 16:09:55'),
(22848, 44, '2014-11-16 14:54:35'),
(22912, 88, '2014-11-19 17:12:58'),
(22923, 46, '2014-11-20 07:09:30'),
(22735, 20, '2014-11-11 17:16:03'),
(22754, 102, '2014-11-12 18:42:20'),
(22881, 112, '2014-11-17 16:43:00'),
(22722, 20, '2014-11-11 10:20:35'),
(22723, 47, '2014-11-11 10:22:05'),
(22725, 18, '2014-11-11 10:22:44'),
(22969, 44, '2014-11-22 04:00:27'),
(22847, 20, '2014-11-16 13:53:01'),
(22911, 106, '2014-11-19 16:45:54'),
(22751, 109, '2014-11-12 16:14:29'),
(22821, 44, '2014-11-15 16:41:08'),
(22822, 47, '2014-11-15 16:42:19'),
(22744, 16, '2014-11-12 10:52:04'),
(22973, 114, '2014-11-22 10:56:15'),
(22865, 97, '2014-11-16 21:25:26'),
(22917, 18, '2014-11-19 20:16:25'),
(22844, 110, '2014-11-16 12:49:56'),
(22952, 97, '2014-11-21 09:06:07'),
(22704, 97, '2014-11-10 17:28:56'),
(22705, 92, '2014-11-10 17:29:59'),
(22779, 114, '2014-11-14 01:40:50'),
(22931, 110, '2014-11-20 15:50:33'),
(22871, 46, '2014-11-17 11:23:23'),
(22968, 102, '2014-11-22 00:48:43'),
(22953, 24, '2014-11-21 11:32:31'),
(22769, 16, '2014-11-13 16:35:10'),
(22717, 97, '2014-11-10 22:45:12'),
(22872, 23, '2014-11-17 11:49:03'),
(22873, 47, '2014-11-17 11:53:04'),
(22855, 16, '2014-11-16 15:53:47'),
(22685, 89, '2014-11-09 22:29:03'),
(22970, 110, '2014-11-22 06:59:41'),
(22801, 14, '2014-11-14 17:37:59'),
(22802, 4, '2014-11-14 17:38:06'),
(22711, 44, '2014-11-10 18:44:25'),
(22743, 102, '2014-11-12 04:40:53'),
(22890, 14, '2014-11-17 21:06:50'),
(22891, 4, '2014-11-17 21:07:21'),
(22767, 44, '2014-11-13 16:09:25'),
(22812, 114, '2014-11-14 22:38:02'),
(22740, 20, '2014-11-11 19:58:04'),
(22741, 46, '2014-11-11 20:06:03'),
(22718, 112, '2014-11-11 00:43:12'),
(22712, 91, '2014-11-10 19:58:17'),
(22757, 97, '2014-11-12 19:49:50'),
(22758, 88, '2014-11-12 19:51:19'),
(22764, 110, '2014-11-13 11:47:52'),
(22750, 23, '2014-11-12 13:14:48'),
(22893, 46, '2014-11-18 05:59:48'),
(22962, 25, '2014-11-21 20:42:47'),
(22747, 25, '2014-11-12 11:28:12'),
(22748, 47, '2014-11-12 11:28:24'),
(22749, 16, '2014-11-12 11:28:47'),
(22789, 14, '2014-11-14 13:24:10'),
(22790, 4, '2014-11-14 13:24:15'),
(22803, 18, '2014-11-14 18:55:44'),
(22791, 20, '2014-11-14 14:17:36'),
(22719, 18, '2014-11-11 02:28:42'),
(22720, 47, '2014-11-11 02:32:33'),
(22688, 112, '2014-11-10 04:32:45'),
(22961, 20, '2014-11-21 20:00:14'),
(22918, 18, '2014-11-19 20:59:21'),
(22816, 88, '2014-11-15 10:34:49'),
(22817, 97, '2014-11-15 10:36:10'),
(22745, 25, '2014-11-12 11:20:39'),
(22746, 47, '2014-11-12 11:23:48'),
(22960, 82, '2014-11-21 19:41:57'),
(22991, 109, '2014-11-23 01:14:00'),
(22992, 106, '2014-11-23 01:16:28'),
(22854, 114, '2014-11-16 15:04:31'),
(22935, 20, '2014-11-20 17:55:47'),
(22936, 44, '2014-11-20 17:58:03'),
(22742, 16, '2014-11-11 21:04:50'),
(22782, 23, '2014-11-14 07:13:16'),
(22838, 97, '2014-11-16 08:59:13'),
(22689, 14, '2014-11-10 11:53:40'),
(22730, 14, '2014-11-11 11:35:11'),
(22700, 91, '2014-11-10 16:41:01'),
(22701, 97, '2014-11-10 16:46:36'),
(22715, 46, '2014-11-10 20:52:50'),
(22766, 45, '2014-11-13 15:36:00'),
(22875, 22, '2014-11-17 13:47:30'),
(22876, 47, '2014-11-17 13:49:53'),
(22686, 14, '2014-11-09 23:33:54'),
(22687, 4, '2014-11-09 23:34:01'),
(22690, 14, '2014-11-10 12:31:50'),
(22691, 4, '2014-11-10 12:32:01'),
(22692, 14, '2014-11-10 15:14:37'),
(22693, 4, '2014-11-10 15:14:47'),
(22694, 14, '2014-11-10 15:30:30'),
(22695, 14, '2014-11-10 15:32:27'),
(22696, 4, '2014-11-10 15:32:33'),
(22697, 20, '2014-11-10 15:37:19'),
(22698, 16, '2014-11-10 15:45:59'),
(22699, 44, '2014-11-10 15:56:52'),
(22702, 14, '2014-11-10 16:48:27'),
(22703, 4, '2014-11-10 16:48:33'),
(22706, 14, '2014-11-10 17:31:46'),
(22707, 4, '2014-11-10 17:31:51'),
(22708, 14, '2014-11-10 17:52:47'),
(22709, 4, '2014-11-10 17:52:55'),
(22710, 44, '2014-11-10 18:08:10'),
(22713, 14, '2014-11-10 20:08:28'),
(22714, 4, '2014-11-10 20:08:34'),
(22716, 14, '2014-11-10 21:36:37'),
(22721, 14, '2014-11-11 06:35:47'),
(22727, 92, '2014-11-11 10:42:50'),
(22734, 14, '2014-11-11 15:48:52'),
(22728, 92, '2014-11-11 10:49:35'),
(22731, 14, '2014-11-11 13:40:14'),
(22877, 14, '2014-11-17 14:45:59'),
(22732, 14, '2014-11-11 15:25:31'),
(22733, 4, '2014-11-11 15:25:37'),
(22736, 14, '2014-11-11 19:04:58'),
(22737, 92, '2014-11-11 19:10:19'),
(22738, 14, '2014-11-11 19:31:51'),
(22739, 4, '2014-11-11 19:32:03'),
(22752, 14, '2014-11-12 17:45:45'),
(22753, 4, '2014-11-12 17:46:01'),
(22755, 14, '2014-11-12 19:16:45'),
(22756, 4, '2014-11-12 19:17:05'),
(22759, 14, '2014-11-12 21:01:29'),
(22760, 4, '2014-11-12 21:01:36'),
(22761, 23, '2014-11-12 22:35:37'),
(22762, 14, '2014-11-13 10:19:44'),
(22763, 4, '2014-11-13 10:19:53'),
(22785, 105, '2014-11-14 10:24:06'),
(22765, 89, '2014-11-13 15:07:08'),
(22792, 23, '2014-11-14 15:03:13'),
(22793, 14, '2014-11-14 15:05:46'),
(22794, 4, '2014-11-14 15:05:50'),
(22795, 16, '2014-11-14 15:06:30'),
(22768, 46, '2014-11-13 16:11:26'),
(22770, 44, '2014-11-13 17:36:26'),
(22771, 23, '2014-11-13 18:22:16'),
(22772, 14, '2014-11-13 18:39:50'),
(22773, 4, '2014-11-13 18:40:00'),
(22774, 20, '2014-11-13 18:41:10'),
(22775, 14, '2014-11-13 20:23:39'),
(22776, 4, '2014-11-13 20:23:44'),
(22777, 14, '2014-11-13 22:22:01'),
(22778, 14, '2014-11-13 22:23:49'),
(22780, 14, '2014-11-14 07:12:13'),
(22781, 4, '2014-11-14 07:12:21'),
(22783, 18, '2014-11-14 07:16:18'),
(22784, 14, '2014-11-14 10:04:22'),
(22894, 4, '2014-11-18 08:23:12'),
(22786, 14, '2014-11-14 11:58:48'),
(22787, 4, '2014-11-14 11:58:54'),
(22788, 14, '2014-11-14 12:58:01'),
(22796, 14, '2014-11-14 15:17:27'),
(22797, 14, '2014-11-14 16:10:02'),
(22798, 4, '2014-11-14 16:10:15'),
(22799, 14, '2014-11-14 16:23:36'),
(22800, 4, '2014-11-14 16:23:42'),
(22804, 14, '2014-11-14 19:02:04'),
(22805, 4, '2014-11-14 19:02:10'),
(22806, 20, '2014-11-14 19:04:04'),
(22807, 97, '2014-11-14 20:07:28'),
(22808, 14, '2014-11-14 20:34:03'),
(22809, 4, '2014-11-14 20:34:14'),
(22922, 97, '2014-11-20 04:42:26'),
(22932, 110, '2014-11-20 15:53:56'),
(22810, 14, '2014-11-14 20:37:00'),
(22811, 4, '2014-11-14 20:37:06'),
(22813, 14, '2014-11-15 06:19:58'),
(22814, 4, '2014-11-15 06:20:13'),
(22815, 14, '2014-11-15 07:40:03'),
(22818, 14, '2014-11-15 13:10:23'),
(22819, 4, '2014-11-15 13:10:30'),
(22820, 46, '2014-11-15 16:21:43'),
(22824, 14, '2014-11-15 19:26:49'),
(22825, 14, '2014-11-15 19:36:16'),
(22826, 44, '2014-11-15 21:47:25'),
(22827, 47, '2014-11-15 21:51:34'),
(22828, 14, '2014-11-15 21:54:30'),
(22829, 4, '2014-11-15 21:54:39'),
(22830, 20, '2014-11-15 21:57:26'),
(22831, 16, '2014-11-15 22:01:19'),
(22832, 14, '2014-11-15 22:23:16'),
(22833, 4, '2014-11-15 22:23:21'),
(22834, 89, '2014-11-15 22:37:43'),
(22835, 97, '2014-11-16 08:11:35'),
(22837, 97, '2014-11-16 08:41:53'),
(22836, 14, '2014-11-16 08:13:14'),
(22839, 14, '2014-11-16 11:52:45'),
(22840, 4, '2014-11-16 11:52:52'),
(22841, 14, '2014-11-16 12:09:23'),
(22842, 4, '2014-11-16 12:09:28'),
(22843, 44, '2014-11-16 12:10:37'),
(22975, 105, '2014-11-22 11:59:02'),
(22845, 14, '2014-11-16 12:55:40'),
(22846, 4, '2014-11-16 12:55:46'),
(22849, 14, '2014-11-16 14:58:41'),
(22850, 4, '2014-11-16 14:58:47'),
(22851, 20, '2014-11-16 14:59:19'),
(22852, 16, '2014-11-16 14:59:27'),
(22853, 44, '2014-11-16 14:59:44'),
(22856, 14, '2014-11-16 17:29:16'),
(22857, 4, '2014-11-16 17:29:25'),
(22858, 44, '2014-11-16 18:04:50'),
(22859, 14, '2014-11-16 18:25:26'),
(22860, 46, '2014-11-16 18:31:46'),
(22861, 47, '2014-11-16 18:35:49'),
(22862, 44, '2014-11-16 20:51:54'),
(22863, 44, '2014-11-16 21:04:34'),
(22864, 48, '2014-11-16 21:08:27'),
(22919, 97, '2014-11-19 22:05:18'),
(22866, 14, '2014-11-16 22:16:03'),
(22886, 14, '2014-11-17 19:42:09'),
(22887, 4, '2014-11-17 19:42:21'),
(22867, 14, '2014-11-16 22:26:29'),
(22868, 14, '2014-11-16 22:29:08'),
(22869, 4, '2014-11-16 22:29:13'),
(22870, 92, '2014-11-17 01:01:27'),
(22874, 14, '2014-11-17 13:26:30'),
(22878, 14, '2014-11-17 15:38:51'),
(22879, 14, '2014-11-17 15:48:23'),
(22880, 4, '2014-11-17 15:48:31'),
(22882, 14, '2014-11-17 19:35:39'),
(22883, 4, '2014-11-17 19:36:07'),
(22884, 14, '2014-11-17 19:38:19'),
(22885, 4, '2014-11-17 19:39:01'),
(22888, 14, '2014-11-17 19:55:01'),
(22889, 4, '2014-11-17 19:55:16'),
(22892, 14, '2014-11-17 22:24:42'),
(22895, 97, '2014-11-18 11:37:13'),
(22896, 14, '2014-11-18 16:29:24'),
(22897, 4, '2014-11-18 16:29:55'),
(22898, 14, '2014-11-18 18:05:48'),
(22899, 4, '2014-11-18 18:06:02'),
(22900, 14, '2014-11-18 18:12:45'),
(22901, 4, '2014-11-18 18:12:52'),
(22916, 22, '2014-11-19 20:03:03'),
(22902, 14, '2014-11-18 21:44:24'),
(22903, 4, '2014-11-18 21:44:35'),
(22904, 14, '2014-11-18 22:22:04'),
(22905, 4, '2014-11-18 22:22:10'),
(22906, 44, '2014-11-18 22:41:02'),
(22907, 14, '2014-11-19 00:15:52'),
(22908, 4, '2014-11-19 00:16:12'),
(22909, 14, '2014-11-19 10:35:46'),
(22910, 4, '2014-11-19 10:35:55'),
(22913, 14, '2014-11-19 18:03:56'),
(22914, 4, '2014-11-19 18:04:11'),
(22915, 14, '2014-11-19 18:56:55'),
(22934, 14, '2014-11-20 17:52:31'),
(22944, 14, '2014-11-20 19:36:08'),
(22971, 14, '2014-11-22 09:23:02'),
(22972, 4, '2014-11-22 09:23:09'),
(22920, 14, '2014-11-19 23:45:42'),
(22921, 4, '2014-11-19 23:45:50'),
(22924, 14, '2014-11-20 08:07:21'),
(22925, 4, '2014-11-20 08:07:36'),
(22926, 14, '2014-11-20 12:16:10'),
(22927, 4, '2014-11-20 12:16:18'),
(22928, 14, '2014-11-20 13:19:47'),
(22929, 14, '2014-11-20 15:34:31'),
(22930, 4, '2014-11-20 15:34:38'),
(22933, 14, '2014-11-20 17:50:28'),
(22937, 14, '2014-11-20 18:11:48'),
(22938, 4, '2014-11-20 18:11:54'),
(22939, 14, '2014-11-20 18:58:59'),
(22940, 4, '2014-11-20 18:59:08'),
(22941, 20, '2014-11-20 19:12:23'),
(22942, 16, '2014-11-20 19:13:23'),
(22943, 44, '2014-11-20 19:17:11'),
(22945, 14, '2014-11-20 21:35:35'),
(22946, 4, '2014-11-20 21:35:42'),
(22947, 14, '2014-11-20 23:06:56'),
(22948, 14, '2014-11-21 04:39:19'),
(22949, 4, '2014-11-21 04:39:27'),
(22950, 14, '2014-11-21 07:17:53'),
(22951, 4, '2014-11-21 07:18:01'),
(22954, 14, '2014-11-21 11:52:34'),
(22955, 4, '2014-11-21 11:52:40'),
(22956, 23, '2014-11-21 12:16:58'),
(22957, 47, '2014-11-21 12:17:52'),
(22958, 14, '2014-11-21 12:29:59'),
(22959, 4, '2014-11-21 12:30:07'),
(22963, 14, '2014-11-21 20:49:29'),
(22964, 4, '2014-11-21 20:49:34'),
(22965, 14, '2014-11-21 22:18:47'),
(22967, 14, '2014-11-21 22:55:11'),
(22966, 14, '2014-11-21 22:21:14'),
(22974, 88, '2014-11-22 11:39:15'),
(22976, 14, '2014-11-22 12:44:12'),
(22977, 4, '2014-11-22 12:44:19'),
(22978, 112, '2014-11-22 14:17:32'),
(22980, 22, '2014-11-22 22:39:10'),
(22981, 47, '2014-11-22 22:39:57'),
(22982, 14, '2014-11-22 22:40:44'),
(22983, 4, '2014-11-22 22:40:48'),
(22984, 14, '2014-11-22 23:28:00'),
(22985, 4, '2014-11-22 23:28:08'),
(22986, 20, '2014-11-22 23:34:15'),
(22998, 44, '2014-11-23 10:48:44'),
(22987, 85, '2014-11-22 23:56:02'),
(22988, 85, '2014-11-23 00:17:44'),
(22989, 46, '2014-11-23 00:30:45'),
(22990, 47, '2014-11-23 00:34:24'),
(22993, 14, '2014-11-23 08:37:32'),
(22994, 4, '2014-11-23 08:37:40'),
(22995, 17, '2014-11-23 09:22:08'),
(22996, 14, '2014-11-23 09:42:26'),
(22997, 4, '2014-11-23 09:42:33'),
(22999, 44, '2014-11-23 10:58:09'),
(23000, 48, '2014-11-23 10:58:24'),
(23001, 14, '2014-11-23 10:58:32'),
(23002, 4, '2014-11-23 10:58:37'),
(23003, 20, '2014-11-23 10:58:57'),
(23004, 16, '2014-11-23 10:59:07');

-- --------------------------------------------------------

--
-- Структура таблицы `productgroups`
--

CREATE TABLE IF NOT EXISTS `productgroups` (
  `pg_id` int(11) NOT NULL AUTO_INCREMENT,
  `pg_supergroupid` int(11) DEFAULT NULL,
  `pg_nameshort` varchar(250) DEFAULT NULL,
  PRIMARY KEY (`pg_id`)
) ENGINE=MyISAM  DEFAULT CHARSET=utf8 AUTO_INCREMENT=206 ;

--
-- Дамп данных таблицы `productgroups`
--

INSERT INTO `productgroups` (`pg_id`, `pg_supergroupid`, `pg_nameshort`) VALUES
(6, 6, 'Gr-6'),
(2, 2, 'Gr-2'),
(4, 4, 'Gr-4'),
(5, 5, 'Gr-5'),
(7, 7, 'Gr-7'),
(1, 1, 'Gr-1'),
(13, 1, 'Gr-13'),
(14, 8, 'Gr-14'),
(15, 9, 'Gr-15'),
(16, 8, 'Gr-16'),
(17, 10, 'Gr-17'),
(18, 10, 'Gr-18'),
(19, 10, 'Gr-19'),
(3, 3, 'Gr-3'),
(8, 1, 'Gr-8'),
(9, 6, 'Gr-9'),
(10, 2, 'Gr-10'),
(11, 4, 'Gr-11'),
(12, 7, 'Gr-12'),
(20, 11, 'Gr-20'),
(21, 1, 'Gr-21'),
(22, 2, 'Gr-22'),
(23, 10, 'Gr-23'),
(24, 10, 'Gr-24'),
(25, 12, 'Gr-25'),
(26, 13, 'Gr-26'),
(27, 14, 'Gr-27'),
(28, 15, 'Gr-28'),
(30, 1, 'Gr-30'),
(200, 200, 'Gr-200'),
(201, 201, 'Gr-201'),
(202, 202, 'Gr-202'),
(203, 203, 'Gr-203'),
(204, 204, 'Gr-204'),
(205, 205, 'Gr-205'),
(31, 1, 'Gr-31');

-- --------------------------------------------------------

--
-- Структура таблицы `products`
--

CREATE TABLE IF NOT EXISTS `products` (
  `p_id` int(11) NOT NULL COMMENT 'product id',
  `p_productgroupid` int(11) DEFAULT NULL COMMENT 'to group product variations',
  `p_name` varchar(100) NOT NULL COMMENT 'product name',
  PRIMARY KEY (`p_id`)
) ENGINE=MyISAM DEFAULT CHARSET=utf8 COMMENT='products catalog';

--
-- Дамп данных таблицы `products`
--

INSERT INTO `products` (`p_id`, `p_productgroupid`, `p_name`) VALUES
(4, 3, 'Product-4'),
(8, 3, 'Product-8'),
(14, 1, 'Product-14'),
(16, 4, 'Product-16'),
(17, 4, 'Product-17'),
(18, 4, 'Product-18'),
(19, 8, 'Product-19'),
(20, 2, 'Product-20'),
(21, 2, 'Product-21'),
(22, 2, 'Product-22'),
(23, 5, 'Product-23'),
(24, 5, 'Product-24'),
(25, 5, 'Product-25'),
(48, 7, 'Product-48'),
(49, 7, 'Product-49'),
(44, 6, 'Product-44'),
(45, 6, 'Product-45'),
(46, 6, 'Product-46'),
(47, 7, 'Product-47'),
(1, 5, 'Product-1'),
(2, 5, 'Product-2'),
(3, 1, 'Product-3'),
(5, 2, 'Product-5'),
(6, 2, 'Product-6'),
(7, 1, 'Product-7'),
(9, 4, 'Product-9'),
(10, 4, 'Product-10'),
(11, 5, 'Product-11'),
(12, 2, 'Product-12'),
(13, 4, 'Product-13'),
(15, 30, 'Product-15'),
(26, 5, 'Product-26'),
(27, 5, 'Product-27'),
(28, 5, 'Product-28'),
(29, 4, 'Product-29'),
(30, 4, 'Product-30'),
(31, 4, 'Product-31'),
(32, 4, 'Product-32'),
(33, 4, 'Product-33'),
(34, 4, 'Product-34'),
(35, 2, 'Product-35'),
(36, 2, 'Product-36'),
(37, 2, 'Product-37'),
(38, 2, 'Product-38'),
(39, 2, 'Product-39'),
(40, 2, 'Product-40'),
(41, 5, 'Product-41'),
(42, 5, 'Product-42'),
(43, 5, 'Product-43'),
(77, 9, 'Product-77'),
(78, 10, 'Product-78'),
(79, 11, 'Product-79'),
(80, 12, 'Product-80'),
(81, 13, 'Product-81'),
(82, 14, 'Product-82'),
(83, 15, 'Product-83'),
(84, 16, 'Product-84'),
(85, 17, 'Product-85'),
(86, 17, 'Product-86'),
(87, 17, 'Product-87'),
(88, 17, 'Product-88'),
(89, 18, 'Product-89'),
(90, 18, 'Product-90'),
(91, 18, 'Product-91'),
(92, 18, 'Product-92'),
(93, 19, 'Product-93'),
(94, 19, 'Product-94'),
(95, 19, 'Product-95'),
(96, 19, 'Product-96'),
(97, 20, 'Product-97'),
(98, 21, 'Product-98'),
(99, 22, 'Product-99'),
(100, 22, 'Product-100'),
(101, 22, 'Product-101'),
(102, 23, 'Product-102'),
(103, 23, 'Product-103'),
(104, 23, 'Product-104'),
(105, 23, 'Product-105'),
(106, 24, 'Product-106'),
(107, 24, 'Product-107'),
(108, 24, 'Product-108'),
(109, 24, 'Product-109'),
(110, 25, 'Product-110'),
(111, 25, 'Product-111'),
(112, 25, 'Product-112'),
(113, 26, 'Product-113'),
(114, 27, 'Product-114'),
(115, 28, 'Product-115'),
(200, 200, 'Product-200'),
(201, 201, 'Product-201'),
(202, 202, 'Product-202'),
(203, 203, 'Product-203'),
(204, 204, 'Product-204'),
(205, 205, 'Product-205'),
(116, 31, 'Product-116');
SET FOREIGN_KEY_CHECKS=1;
COMMIT;

/*!40101 SET CHARACTER_SET_CLIENT=@OLD_CHARACTER_SET_CLIENT */;
/*!40101 SET CHARACTER_SET_RESULTS=@OLD_CHARACTER_SET_RESULTS */;
/*!40101 SET COLLATION_CONNECTION=@OLD_COLLATION_CONNECTION */;
